{
  "time": "2025-10-27 02:54:10",
  "config": {
    "rank": 0,
    "world_size": 6,
    "iface": "ens4f1",
    "master_addr": "42.0.1.1",
    "master_port": 29500,
    "backend": "dpa_dpdk",
    "dpa_conf": "/home/gks/straggle-ml-experiments/configs/edgecore.json",
    "device": "cuda",
    "deterministic": true,
    "workers": 4,
    "prefetch_factor": 4,
    "static_graph": false,
    "seed": 42,
    "json": "experiments/train/lstm.json",
    "epochs": 12,
    "batch_size": 32,
    "learning_rate": 0.0015,
    "weight_decay": 1e-05,
    "num_classes": 2,
    "amp": false,
    "drop_last_train": false,
    "drop_last_val": false,
    "label_smoothing": 0.02,
    "cosine_min_lr_mult": 0.1,
    "max_len": 64,
    "max_vocab": 60000,
    "straggle_points": 0,
    "straggle_prob": 0,
    "straggle_ranks": [],
    "straggle_amount": 0,
    "straggle_multiply": [
      1.0,
      1.0
    ],
    "straggle_verbose": false,
    "prescale": false,
    "bucket_cap_mb": null,
    "hint_tensor_size": 100000000,
    "hint_tensor_count": 5,
    "local_rank": 0
  },
  "epochs": {
    "0": {
      "lr": 0.0012541567695961995,
      "train_loss": 0.5641386620212504,
      "train_loss_global": 0.563843981620552,
      "train_top1": 69.41648106904232,
      "train_top5": 100.0,
      "steps": 351,
      "step_time_min": 0.03702711593359709,
      "step_time_max": 1.0454860148020089,
      "step_time": 0.04557523508675587,
      "data_time": 0.004583161027088464,
      "comp_time": 0.040992074059667406,
      "epoch_time": 16.278773546218872,
      "epoch_train_time": 15.99755859375,
      "epoch_train_throughput": 701.6695662790343,
      "val_loss": 0.48208755751450855,
      "val_top1": 78.31050172570633,
      "val_top5": 100.0,
      "straggle": {}
    },
    "1": {
      "lr": 0.0014817813910546268,
      "train_loss": 0.34412155124551735,
      "train_loss_global": 0.34807240228300723,
      "train_top1": 86.44988864142539,
      "train_top5": 100.0,
      "steps": 351,
      "step_time_min": 0.036768991965800524,
      "step_time_max": 0.4746777699328959,
      "step_time": 0.04393105095708769,
      "data_time": 0.004105187683204385,
      "comp_time": 0.03982586327388331,
      "epoch_time": 15.483678102493286,
      "epoch_train_time": 15.4203681640625,
      "epoch_train_throughput": 727.9333334051066,
      "val_loss": 0.40019220028701985,
      "val_top1": 82.87671184104327,
      "val_top5": 100.0,
      "straggle": {}
    },
    "2": {
      "lr": 0.0014095205277382412,
      "train_loss": 0.24555912944946628,
      "train_loss_global": 0.24186504695799585,
      "train_top1": 91.27839643652561,
      "train_top5": 100.0,
      "steps": 351,
      "step_time_min": 0.03602046566084027,
      "step_time_max": 0.47717482643201947,
      "step_time": 0.043969464930108726,
      "data_time": 0.00412772557010975,
      "comp_time": 0.039841739359998976,
      "epoch_time": 15.496498107910156,
      "epoch_train_time": 15.4338701171875,
      "epoch_train_throughput": 727.2965182919086,
      "val_loss": 0.40353411551752044,
      "val_top1": 83.90410915357337,
      "val_top5": 100.0,
      "straggle": {}
    },
    "3": {
      "lr": 0.0012881528247905571,
      "train_loss": 0.19290856093234635,
      "train_loss_global": 0.19097632274739637,
      "train_top1": 94.02227171492206,
      "train_top5": 100.0,
      "steps": 351,
      "step_time_min": 0.03586226422339678,
      "step_time_max": 0.4738121791742742,
      "step_time": 0.0439200827777598,
      "data_time": 0.004162235367257796,
      "comp_time": 0.039757847410502006,
      "epoch_time": 15.478650093078613,
      "epoch_train_time": 15.416533203125,
      "epoch_train_throughput": 728.1144114634438,
      "val_loss": 0.44504145162018466,
      "val_top1": 84.01826426536525,
      "val_top5": 100.0,
      "straggle": {}
    },
    "4": {
      "lr": 0.0011278746466542964,
      "train_loss": 0.16301986077978775,
      "train_loss_global": 0.15986181246721046,
      "train_top1": 95.40311804008908,
      "train_top5": 100.0,
      "steps": 351,
      "step_time_min": 0.03692850796505809,
      "step_time_max": 0.4694999218918383,
      "step_time": 0.04403669014971098,
      "data_time": 0.004272349535665366,
      "comp_time": 0.039764340614045615,
      "epoch_time": 15.518418312072754,
      "epoch_train_time": 15.457478515625,
      "epoch_train_throughput": 726.1857093091443,
      "val_loss": 0.3873503260552611,
      "val_top1": 84.4748853396063,
      "val_top5": 100.0,
      "straggle": {}
    },
    "5": {
      "lr": 0.0009421513113407682,
      "train_loss": 0.1428994929697572,
      "train_loss_global": 0.1399877085129066,
      "train_top1": 96.24944320712694,
      "train_top5": 100.0,
      "steps": 351,
      "step_time_min": 0.03702948009595275,
      "step_time_max": 0.46641138009727,
      "step_time": 0.04407203244310711,
      "data_time": 0.0038707151138714577,
      "comp_time": 0.04020131732923565,
      "epoch_time": 15.531436681747437,
      "epoch_train_time": 15.4699140625,
      "epoch_train_throughput": 725.6019622765762,
      "val_loss": 0.41658520351534023,
      "val_top1": 84.24657501151029,
      "val_top5": 100.0,
      "straggle": {}
    },
    "6": {
      "lr": 0.0007465858398051509,
      "train_loss": 0.11983148078477728,
      "train_loss_global": 0.12529071606136996,
      "train_top1": 97.30066815144767,
      "train_top5": 100.0,
      "steps": 351,
      "step_time_min": 0.037534096743911505,
      "step_time_max": 0.4676374290138483,
      "step_time": 0.04409991407851845,
      "data_time": 0.004002847078593283,
      "comp_time": 0.04009706699992517,
      "epoch_time": 15.552945852279663,
      "epoch_train_time": 15.4796611328125,
      "epoch_train_throughput": 725.1450728599076,
      "val_loss": 0.4363192547129714,
      "val_top1": 85.50228254762415,
      "val_top5": 100.0,
      "straggle": {}
    },
    "7": {
      "lr": 0.0005576081122524713,
      "train_loss": 0.11035618764122239,
      "train_loss_global": 0.11124517738166435,
      "train_top1": 97.65701559020044,
      "train_top5": 100.0,
      "steps": 351,
      "step_time_min": 0.037164739798754454,
      "step_time_max": 0.45802715606987476,
      "step_time": 0.04408336394171939,
      "data_time": 0.004015248832677589,
      "comp_time": 0.040068115109041805,
      "epoch_time": 15.534780502319336,
      "epoch_train_time": 15.4739482421875,
      "epoch_train_throughput": 725.4127921532429,
      "val_loss": 0.45075777139021383,
      "val_top1": 84.8173509711,
      "val_top5": 100.0,
      "straggle": {}
    },
    "8": {
      "lr": 0.00039109455820133957,
      "train_loss": 0.10588855094792848,
      "train_loss_global": 0.10493061824548926,
      "train_top1": 97.80846325167037,
      "train_top5": 100.0,
      "steps": 351,
      "step_time_min": 0.037946528289467096,
      "step_time_max": 0.46641463274136186,
      "step_time": 0.044189443665840517,
      "data_time": 0.004009835021384591,
      "comp_time": 0.040179608644455925,
      "epoch_time": 15.573087930679321,
      "epoch_train_time": 15.5110556640625,
      "epoch_train_throughput": 723.6773720055145,
      "val_loss": 0.4307741439097548,
      "val_top1": 85.38812741841356,
      "val_top5": 100.0,
      "straggle": {}
    },
    "9": {
      "lr": 0.00026103434314242967,
      "train_loss": 0.09815178982332715,
      "train_loss_global": 0.09565104152805379,
      "train_top1": 98.13808463251671,
      "train_top5": 100.0,
      "steps": 351,
      "step_time_min": 0.036906976252794266,
      "step_time_max": 0.4675564509816468,
      "step_time": 0.044076410890357874,
      "data_time": 0.004087404987411281,
      "comp_time": 0.039989005902946594,
      "epoch_time": 15.532693147659302,
      "epoch_train_time": 15.4714423828125,
      "epoch_train_throughput": 725.5302849119001,
      "val_loss": 0.5091730397721949,
      "val_top1": 84.36073008846475,
      "val_top5": 100.0,