{
  "time": "2025-10-27 02:22:06",
  "config": {
    "rank": 0,
    "world_size": 6,
    "iface": "ens4f1",
    "master_addr": "42.0.1.1",
    "master_port": 29500,
    "backend": "dpa_dpdk",
    "dpa_conf": "/home/gks/straggle-ml-experiments/configs/edgecore.json",
    "device": "cuda",
    "deterministic": false,
    "workers": 4,
    "prefetch_factor": 4,
    "static_graph": false,
    "seed": 42,
    "json": "experiments/train/lstm.json",
    "epochs": 10,
    "batch_size": 64,
    "learning_rate": 0.0015,
    "weight_decay": 1e-05,
    "num_classes": 2,
    "amp": false,
    "drop_last_train": false,
    "drop_last_val": false,
    "label_smoothing": 0.0,
    "cosine_min_lr_mult": 0.0,
    "hidden_dim": 768,
    "max_len": 96,
    "max_vocab": 60000,
    "straggle_points": 0,
    "straggle_prob": 0,
    "straggle_ranks": [],
    "straggle_amount": 0,
    "straggle_multiply": [
      1.0,
      1.0
    ],
    "straggle_verbose": false,
    "prescale": false,
    "bucket_cap_mb": null,
    "hint_tensor_size": 100000000,
    "hint_tensor_count": 5,
    "local_rank": 0
  },
  "epochs": {
    "0": {
      "lr": 0.0015,
      "train_loss": 0.5792424840332405,
      "train_loss_global": 0.5740894955874551,
      "train_top1": 68.57906458797328,
      "train_top5": 100.0,
      "steps": 176,
      "step_time_min": 0.05794102931395173,
      "step_time_max": 0.7614508839324117,
      "step_time": 0.07574294370450926,
      "data_time": 0.004218873602274636,
      "comp_time": 0.07152407010223463,
      "epoch_time": 13.581061840057373,
      "epoch_train_time": 13.3311259765625,
      "epoch_train_throughput": 842.0143969635208,
      "val_loss": 0.558015733412956,
      "val_top1": 73.97260242618927,
      "val_top5": 100.0,
      "straggle": {}
    },
    "1": {
      "lr": 0.0014547694655894314,
      "train_loss": 0.35377119392488476,
      "train_loss_global": 0.35051580052421816,
      "train_top1": 85.05122494432071,
      "train_top5": 100.0,
      "steps": 176,
      "step_time_min": 0.05715565476566553,
      "step_time_max": 0.1567895319312811,
      "step_time": 0.07253676773027772,
      "data_time": 0.003717504698380997,
      "comp_time": 0.06881926303189671,
      "epoch_time": 12.83744764328003,
      "epoch_train_time": 12.7668251953125,
      "epoch_train_throughput": 879.2319020801976,
      "val_loss": 0.5131404504656247,
      "val_top1": 75.6849309146132,
      "val_top5": 100.0,
      "straggle": {}
    },
    "2": {
      "lr": 0.0013245333323392335,
      "train_loss": 0.21525168512074613,
      "train_loss_global": 0.21833718192626037,
      "train_top1": 91.44766146993318,
      "train_top5": 100.0,
      "steps": 176,
      "step_time_min": 0.053162992000579834,
      "step_time_max": 0.15321925980970263,
      "step_time": 0.07269831771687181,
      "data_time": 0.003529058213726702,
      "comp_time": 0.0691692595031451,
      "epoch_time": 12.872480869293213,
      "epoch_train_time": 12.7950888671875,
      "epoch_train_throughput": 877.2897254966372,
      "val_loss": 0.465661606423931,
      "val_top1": 81.16438309133869,
      "val_top5": 100.0,
      "straggle": {}
    },
    "3": {
      "lr": 0.0011250000000000001,
      "train_loss": 0.14500591212365038,
      "train_loss_global": 0.14858984593608995,
      "train_top1": 94.56570155902004,
      "train_top5": 100.0,
      "steps": 176,
      "step_time_min": 0.055473008658736944,
      "step_time_max": 0.1552381692454219,
      "step_time": 0.07232694488431496,
      "data_time": 0.003396079047392546,
      "comp_time": 0.06893086583692241,
      "epoch_time": 12.793181419372559,
      "epoch_train_time": 12.7296875,
      "epoch_train_throughput": 881.7969804836135,
      "val_loss": 0.44821228297878074,
      "val_top1": 82.53424601794377,
      "val_top5": 100.0,
      "straggle": {}
    },
    "4": {
      "lr": 0.0008802361332501979,
      "train_loss": 0.10928816064428912,
      "train_loss_global": 0.1025661290918685,
      "train_top1": 95.98218262806236,
      "train_top5": 100.0,
      "steps": 176,
      "step_time_min": 0.05433958722278476,
      "step_time_max": 0.15814816625788808,
      "step_time": 0.07244873588470827,
      "data_time": 0.003358091127169742,
      "comp_time": 0.06909064475753852,
      "epoch_time": 12.816070556640625,
      "epoch_train_time": 12.7512451171875,
      "epoch_train_throughput": 880.3061894614306,
      "val_loss": 0.564744537313507,
      "val_top1": 82.42009113259512,
      "val_top5": 100.0,
      "straggle": {}
    },
    "5": {
      "lr": 0.0006197638667498023,
      "train_loss": 0.07086656852859696,
      "train_loss_global": 0.06950325725980395,
      "train_top1": 97.3630289532294,
      "train_top5": 100.0,
      "steps": 176,
      "step_time_min": 0.05318171763792634,
      "step_time_max": 0.1500520696863532,
      "step_time": 0.07247043737548996,
      "data_time": 0.0033554883213417434,
      "comp_time": 0.06911494905414821,
      "epoch_time": 12.820597648620605,
      "epoch_train_time": 12.7549462890625,
      "epoch_train_throughput": 880.0507462446592,
      "val_loss": 0.5935907949051357,
      "val_top1": 82.64840123424791,
      "val_top5": 100.0,
      "straggle": {}
    },
    "6": {
      "lr": 0.00037500000000000017,
      "train_loss": 0.04927369022522047,
      "train_loss_global": 0.047463739112520116,
      "train_top1": 98.06681514476615,
      "train_top5": 100.0,
      "steps": 176,
      "step_time_min": 0.05844623828306794,
      "step_time_max": 0.14989591017365456,
      "step_time": 0.07278863517885012,
      "data_time": 0.003576189562657171,
      "comp_time": 0.06921244561619296,
      "epoch_time": 12.878043174743652,
      "epoch_train_time": 12.8109609375,
      "epoch_train_throughput": 876.2028121670712,
      "val_loss": 0.7094656095827279,
      "val_top1": 82.64840126908533,
      "val_top5": 100.0,
      "straggle": {}
    },
    "7": {
      "lr": 0.0001754666676607666,
      "train_loss": 0.027756067049131628,
      "train_loss_global": 0.031575084936126804,
      "train_top1": 98.94877505567929,
      "train_top5": 100.0,
      "steps": 176,
      "step_time_min": 0.05533588584512472,
      "step_time_max": 0.1533032702282071,
      "step_time": 0.07247239707397636,
      "data_time": 0.0035357194508171892,
      "comp_time": 0.06893667762315916,
      "epoch_time": 12.822270393371582,
      "epoch_train_time": 12.7552958984375,
      "epoch_train_throughput": 880.026624970342,
      "val_loss": 0.8104522049631158,
      "val_top1": 82.6484015826221,
      "val_top5": 100.0,
      "straggle": {}
    },
    "8": {
      "lr": 4.523053441056876e-05,
      "train_loss": 0.023404164089922914,
      "train_loss_global": 0.022256108992245404,
      "train_top1": 99.12694877505568,
      "train_top5": 100.0,
      "steps": 176,
      "step_time_min": 0.054763448890298605,
      "step_time_max": 0.16575681883841753,
      "step_time": 0.07268455854500644,
      "data_time": 0.0034977876163214783,
      "comp_time": 0.06918677092868496,
      "epoch_time": 12.857987403869629,
      "epoch_train_time": 12.7926328125,
      "epoch_train_throughput": 877.4581561531081,
      "val_loss": 0.9914885462010832,
      "val_top1": 83.44748834061296,
      "val_top5": 100.0,
      "straggle": {}
    },
    "9": {
      "lr": 0.0,
      "train_loss": 0.019577059682040165,
      "train_loss_global": 0.01858946425524235,
      "train_top1": 99.1358574610245,
      "train_top5": 100.0,
      "steps": 176,
      "step_time_min": 0.05495698098093271,
      "step_time_max": 0.15516257379204035,
      "step_time": 0.07243722106795758,
      "data_time": 0.00325930974742567,
      "comp_time": 0.06917791132053192,
      "epoch_time": 12.813573837280273,
      "epoch_train_time": 12.749267578125,
      "epoch_train_throughput": 880.4427337661094,
      "val_loss": 1.0433262457314147,
      "val_top1": 83.56164359175452,
      "val_top5": 100.0,
      "straggle": {}
    }
  }
}