{
  "time": "2025-10-27 12:29:58",
  "config": {
    "rank": 0,
    "world_size": 6,
    "iface": "ens4f1",
    "master_addr": "42.0.1.1",
    "master_port": 29500,
    "backend": "dpa_dpdk",
    "dpa_conf": "/home/gks/straggle-ml-experiments/configs/edgecore.json",
    "device": "cuda",
    "deterministic": true,
    "seed": 42,
    "workers": 4,
    "json": "experiments/train/roberta_finetune.json",
    "log_interval": 20,
    "val_every": 150,
    "val_every_subset": 0.25,
    "squad_version": "v2",
    "data": "/home/gks/datasets/squad_v2",
    "force_download": false,
    "sched": "cosine",
    "model_name": "roberta-base",
    "epochs": 8,
    "batch_size": 32,
    "learning_rate": 3e-05,
    "weight_decay": 0.01,
    "warmup_ratio": 0.2,
    "amp": false,
    "drop_last_train": false,
    "drop_last_val": false,
    "static_graph": false,
    "prefetch_factor": 4,
    "max_grad_norm": 1.0,
    "max_seq_len": 384,
    "doc_stride": 128,
    "max_answer_length": 30,
    "n_best_size": 100,
    "null_score_diff_threshold": 0.0,
    "prescale": false,
    "bucket_cap_mb": null,
    "straggle_points": 0,
    "straggle_prob": 0,
    "straggle_ranks": [],
    "straggle_amount": 0,
    "straggle_multiply": [
      1.0,
      1.0
    ],
    "straggle_verbose": false,
    "local_rank": 0
  },
  "epochs": {
    "0": {
      "lr": 1.875341219290264e-05,
      "train_loss": 2.3892660698107857,
      "train_loss_global": 2.3993265402189903,
      "steps": 687,
      "step_time_min": 0.7790395370684564,
      "step_time_max": 11.948021532036364,
      "step_time": 1.274388087554828,
      "data_time": 0.06217027254052883,
      "comp_time": 1.212217815014299,
      "epoch_time": 911.5147793292999,
      "epoch_train_time": 875.508125,
      "epoch_train_throughput": 25.095141178729783,
      "val_loss": 0.9660041422768693,
      "val_em": 73.67135517560853,
      "val_f1": 76.92042719382634,
      "straggle": {}
    },
    "1": {
      "lr": 2.9711387041902824e-05,
      "train_loss": 0.9835550473165102,
      "train_loss_global": 0.9988292516792101,
      "steps": 687,
      "step_time_min": 0.7798579698428512,
      "step_time_max": 11.292930552735925,
      "step_time": 1.2762729483853152,
      "data_time": 0.060560663047706194,
      "comp_time": 1.215712285337609,
      "epoch_time": 913.0502872467041,
      "epoch_train_time": 876.804625,
      "epoch_train_throughput": 25.058033880694914,
      "val_loss": 0.8588023635214054,
      "val_em": 77.4698896656279,
      "val_f1": 80.61799631671313,
      "straggle": {}
    },
    "2": {
      "lr": 2.6594094388836096e-05,
      "train_loss": 0.7831184170388388,
      "train_loss_global": 0.7852499498130374,
      "steps": 687,
      "step_time_min": 0.779989848844707,
      "step_time_max": 11.28469638992101,
      "step_time": 1.2790669881544867,
      "data_time": 0.060754366413577635,
      "comp_time": 1.218312621740909,
      "epoch_time": 915.201605796814,
      "epoch_train_time": 878.72325,
      "epoch_train_throughput": 25.003321580486233,
      "val_loss": 0.805605040597414,
      "val_em": 79.8366040596311,
      "val_f1": 82.62229970598989,
      "straggle": {}
    },
    "3": {
      "lr": 2.073901377787691e-05,
      "train_loss": 0.6505954000871838,
      "train_loss_global": 0.6426919736553077,
      "steps": 687,
      "step_time_min": 0.7810425143688917,
      "step_time_max": 11.2160180429928,
      "step_time": 1.2818629113439433,
      "data_time": 0.06047188145145123,
      "comp_time": 1.221391029892492,
      "epoch_time": 916.8270614147186,
      "epoch_train_time": 880.6428125,
      "epoch_train_throughput": 24.948821120367686,
      "val_loss": 0.830821400465423,
      "val_em": 79.90398382885539,
      "val_f1": 82.99195429168624,
      "straggle": {}
    },
    "4": {
      "lr": 1.3528742991272829e-05,
      "train_loss": 0.5413987122333336,
      "train_loss_global": 0.5373150934877178,
      "steps": 687,
      "step_time_min": 0.783150949049741,
      "step_time_max": 11.229921706020832,
      "step_time": 1.2839609443235822,
      "data_time": 0.06058521702576543,
      "comp_time": 1.2233757272978167,
      "epoch_time": 918.2052044868469,
      "epoch_train_time": 882.0845625,
      "epoch_train_throughput": 24.908042759222422,
      "val_loss": 0.9516907961430477,
      "val_em": 78.80064010780762,
      "val_f1": 82.18245420051204,
      "straggle": {}
    },
    "5": {
      "lr": 6.665889569610734e-06,
      "train_loss": 0.46204664552169983,
      "train_loss_global": 0.4613305895872011,
      "steps": 687,
      "step_time_min": 0.7840711083263159,
      "step_time_max": 11.22384918667376,
      "step_time": 1.2851321689548647,
      "data_time": 0.0604826925678946,
      "comp_time": 1.2246494763869702,
      "epoch_time": 919.066025018692,
      "epoch_train_time": 882.8893125,
      "epoch_train_throughput": 24.885339180045857,
      "val_loss": 0.955573522656627,
      "val_em": 79.04489177124569,
      "val_f1": 82.41582345269943,
      "straggle": {}
    },
    "6": {
      "lr": 1.7710231602017146e-06,
      "train_loss": 0.41001814505192424,
      "train_loss_global": 0.4119292231291298,
      "steps": 687,
      "step_time_min": 0.7862029280513525,
      "step_time_max": 11.362328221090138,
      "step_time": 1.2863447794858827,
      "data_time": 0.06085274386554523,
      "comp_time": 1.2254920356203374,
      "epoch_time": 919.8926541805267,
      "epoch_train_time": 883.7225,
      "epoch_train_throughput": 24.861876890087103,
      "val_loss": 1.0301865452727859,
      "val_em": 79.38179061736713,
      "val_f1": 82.66684934074839,
      "straggle": {}
    },
    "7": {
      "lr": 0.0,
      "train_loss": 0.37921950261619236,
      "train_loss_global": 0.38795080224368206,
      "steps": 687,
      "step_time_min": 0.7820481932722032,
      "step_time_max": 11.381149029359221,
      "step_time": 1.2867956015598598,
      "data_time": 0.06095579112547801,
      "comp_time": 1.2258398104343817,
      "epoch_time": 920.2306761741638,
      "epoch_train_time": 884.0319375,
      "epoch_train_throughput": 24.853174492918136,
      "val_loss": 1.055551605013779,
      "val_em": 79.28914343468374,
      "val_f1": 82.60270815903895,
      "straggle": {}
    }
  }
}