{
  "time": "2025-09-07 15:39:43",
  "config": {
    "rank": 0,
    "world_size": 6,
    "iface": "ens4f0",
    "master_addr": "42.0.0.1",
    "master_port": 29500,
    "backend": "gloo",
    "device": "cuda",
    "deterministic": true,
    "workers": 8,
    "model_name": "bert-base-uncased",
    "data": "/home/gks/datasets/squad_v2",
    "force_download": false,
    "squad_version": "v1",
    "epochs": 5,
    "batch_size": 32,
    "learning_rate": 3e-05,
    "weight_decay": 0.0,
    "warmup_ratio": 0.1,
    "amp": false,
    "drop_last_train": false,
    "drop_last_val": true,
    "static_graph": false,
    "prefetch_factor": 4,
    "max_grad_norm": 1.0,
    "log_interval": 0,
    "max_seq_len": 384,
    "doc_stride": 128,
    "max_answer_length": 30,
    "n_best_size": 20,
    "null_score_diff_threshold": 0.0,
    "straggle_points": 0,
    "straggle_prob": 0,
    "straggle_ranks": [],
    "straggle_amount": 0,
    "straggle_multiply": [
      1.0,
      1.0
    ],
    "straggle_verbose": false,
    "json": "/home/gks/straggle-ml-experiments/models/bert_finetune.json",
    "local_rank": 0,
    "seed": 42
  },
  "epochs": {
    "0": {
      "lr": 2.6666666666666667e-05,
      "train_loss": 2.4296754282697584,
      "train_loss_global": 2.4502388661480117,
      "steps": 462,
      "step_time_min": 0.709409445989877,
      "step_time_max": 2.7265508419368416,
      "step_time": 1.349395406792783,
      "data_time": 0.0005828209596311117,
      "comp_time": 1.348812585833152,
      "epoch_time": 647.1854934692383,
      "epoch_train_time": 623.42425,
      "epoch_train_throughput": 23.666066887837616,
      "val_loss": 1.1780141110080578,
      "val_em": 73.37409672040022,
      "val_f1": 82.43282444834952,
      "straggle": {}
    },
    "1": {
      "lr": 1.9999999999999998e-05,
      "train_loss": 1.0769314807945107,
      "train_loss_global": 1.0753576392148385,
      "steps": 462,
      "step_time_min": 0.6911909929476678,
      "step_time_max": 1.3848789760377258,
      "step_time": 1.3471617446486632,
      "data_time": 0.000413974141298886,
      "comp_time": 1.3467477705073643,
      "epoch_time": 646.1156840324402,
      "epoch_train_time": 622.392375,
      "epoch_train_throughput": 23.705303266287604,
      "val_loss": 1.0526591607821583,
      "val_em": 77.76542523624236,
      "val_f1": 85.41825191261877,
      "straggle": {}
    },
    "2": {
      "lr": 1.3333333333333333e-05,
      "train_loss": 0.8716209763770861,
      "train_loss_global": 0.8643846727948393,
      "steps": 462,
      "step_time_min": 0.7366615470964462,
      "step_time_max": 1.4073490919545293,
      "step_time": 1.3476894965845874,
      "data_time": 0.00036409772525327803,
      "comp_time": 1.3473253988593341,
      "epoch_time": 646.2660102844238,
      "epoch_train_time": 622.636125,
      "epoch_train_throughput": 23.696023098563387,
      "val_loss": 1.029646587408312,
      "val_em": 78.48804891606449,
      "val_f1": 85.87201399861414,
      "straggle": {}
    },
    "3": {
      "lr": 6.666666666666667e-06,
      "train_loss": 0.7331212774692746,
      "train_loss_global": 0.7426534847874706,
      "steps": 462,
      "step_time_min": 0.6821540528908372,
      "step_time_max": 1.4068528739735484,
      "step_time": 1.3511781090239539,
      "data_time": 0.0003853376881215415,
      "comp_time": 1.3507927713358323,
      "epoch_time": 647.9300694465637,
      "epoch_train_time": 624.2478125,
      "epoch_train_throughput": 23.63484453539835,
      "val_loss": 1.0563002945518387,
      "val_em": 78.98832684824903,
      "val_f1": 86.22635599487896,
      "straggle": {}
    },
    "4": {
      "lr": 0.0,
      "train_loss": 0.679739005490986,
      "train_loss_global": 0.672860721609724,
      "steps": 462,
      "step_time_min": 0.710354340961203,
      "step_time_max": 1.4165554051287472,
      "step_time": 1.3528624108026925,
      "data_time": 0.0003941186544489422,
      "comp_time": 1.3524682921482436,
      "epoch_time": 648.4212560653687,
      "epoch_train_time": 625.0258125,
      "epoch_train_throughput": 23.605425095943538,
      "val_loss": 1.0654764626126103,
      "val_em": 79.3218454697054,
      "val_f1": 86.48330359032288,
      "straggle": {}
    }
  }
}