{
  "time": "2025-09-07 00:20:12",
  "config": {
    "rank": 0,
    "world_size": 6,
    "iface": "ens4f0",
    "master_addr": "42.0.0.1",
    "master_port": 29500,
    "backend": "gloo",
    "device": "cuda",
    "deterministic": true,
    "workers": 8,
    "prefetch_factor": 8,
    "static_graph": false,
    "epochs": 12,
    "batch_size": 32,
    "learning_rate": 0.001,
    "weight_decay": 2e-05,
    "num_classes": 2,
    "amp": false,
    "drop_last_train": false,
    "drop_last_val": true,
    "json": "/home/gks/straggle-ml-experiments/models/lstm.json",
    "max_len": 50,
    "max_vocab": 60000,
    "label_smoothing": 0.05,
    "cosine_min_lr_mult": 0.15,
    "straggle_points": 0,
    "straggle_prob": 0,
    "straggle_ranks": [],
    "straggle_amount": 0,
    "straggle_multiply": [
      1.0,
      1.0
    ],
    "straggle_verbose": false,
    "local_rank": 0,
    "seed": 42
  },
  "epochs": {
    "0": {
      "lr": 0.000836104513064133,
      "train_loss": 0.6421040638995861,
      "train_loss_global": 0.6415532468921977,
      "train_top1": 62.761692650334076,
      "train_top5": 100.0,
      "steps": 351,
      "step_time_min": 0.11553416913375258,
      "step_time_max": 0.7346615670248866,
      "step_time": 0.1362163912832599,
      "data_time": 0.0005751167453209899,
      "comp_time": 0.13564127453793892,
      "epoch_time": 48.35407519340515,
      "epoch_train_time": 47.8133828125,
      "epoch_train_throughput": 234.7669070816176,
      "val_loss": 0.5265812443210445,
      "val_top1": 73.27981620316112,
      "val_top5": 100.0,
      "straggle": {}
    },
    "1": {
      "lr": 0.0009885290239973576,
      "train_loss": 0.4748744470239482,
      "train_loss_global": 0.4799825278497574,
      "train_top1": 79.42984409799554,
      "train_top5": 100.0,
      "steps": 351,
      "step_time_min": 0.11800759099423885,
      "step_time_max": 0.22190726594999433,
      "step_time": 0.13523535887469296,
      "data_time": 0.0003975867671876127,
      "comp_time": 0.13483777210750533,
      "epoch_time": 47.778661489486694,
      "epoch_train_time": 47.46880078125,
      "epoch_train_throughput": 236.4711097659293,
      "val_loss": 0.45833455381590293,
      "val_top1": 79.12844008262005,
      "val_top5": 100.0,
      "straggle": {}
    },
    "2": {
      "lr": 0.0009430314433907445,
      "train_loss": 0.3863739343501943,
      "train_loss_global": 0.3815557812396561,
      "train_top1": 84.91759465478842,
      "train_top5": 100.0,
      "steps": 351,
      "step_time_min": 0.12021301803179085,
      "step_time_max": 0.23229573108255863,
      "step_time": 0.13599089017480165,
      "data_time": 0.00041654568160234015,
      "comp_time": 0.1355743444931993,
      "epoch_time": 48.090702056884766,
      "epoch_train_time": 47.7340390625,
      "epoch_train_throughput": 235.15713776709066,
      "val_loss": 0.4406356111578985,
      "val_top1": 81.19266014799065,
      "val_top5": 100.0,
      "straggle": {}
    },
    "3": {
      "lr": 0.0008666147415347953,
      "train_loss": 0.33288313602286085,
      "train_loss_global": 0.33130504355973994,
      "train_top1": 88.69487750556793,
      "train_top5": 100.0,
      "steps": 351,
      "step_time_min": 0.12130173505283892,
      "step_time_max": 0.19905793410725892,
      "step_time": 0.13557454056777804,
      "data_time": 0.00040943918555996187,
      "comp_time": 0.13516510138221807,
      "epoch_time": 47.940783977508545,
      "epoch_train_time": 47.58787890625,
      "epoch_train_throughput": 235.87939319829098,
      "val_loss": 0.47415824031132625,
      "val_top1": 81.65137578806745,
      "val_top5": 100.0,
      "straggle": {}
    },
    "4": {
      "lr": 0.0007656988515971496,
      "train_loss": 0.2957170210105008,
      "train_loss_global": 0.2988826202056367,
      "train_top1": 90.75278396436525,
      "train_top5": 100.0,
      "steps": 351,
      "step_time_min": 0.11978919594548643,
      "step_time_max": 0.20522855408489704,
      "step_time": 0.13607925172176139,
      "data_time": 0.0004456715109065557,
      "comp_time": 0.13563358021085484,
      "epoch_time": 48.11220669746399,
      "epoch_train_time": 47.76503125,
      "epoch_train_throughput": 235.00455681163194,
      "val_loss": 0.45514335754165136,
      "val_top1": 82.22477051096224,
      "val_top5": 100.0,
      "straggle": {}
    },
    "5": {
      "lr": 0.0006487619367701133,
      "train_loss": 0.2811046017450851,
      "train_loss_global": 0.2779750976975352,
      "train_top1": 91.3674832962138,
      "train_top5": 100.0,
      "steps": 351,
      "step_time_min": 0.12066445290111005,
      "step_time_max": 0.189518477069214,
      "step_time": 0.13516415649178595,
      "data_time": 0.00031975661125830095,
      "comp_time": 0.13484439988052765,
      "epoch_time": 47.80125093460083,
      "epoch_train_time": 47.44387890625,
      "epoch_train_throughput": 236.59532607316555,
      "val_loss": 0.4249841541034776,
      "val_top1": 83.25688044521787,
      "val_top5": 100.0,
      "straggle": {}
    },
    "6": {
      "lr": 0.0005256281213587987,
      "train_loss": 0.2664439585851402,
      "train_loss_global": 0.26142569649237213,
      "train_top1": 92.33853006681514,
      "train_top5": 100.0,
      "steps": 351,
      "step_time_min": 0.1206733409781009,
      "step_time_max": 0.21237187692895532,
      "step_time": 0.13600596342172122,
      "data_time": 0.00042207218624354257,
      "comp_time": 0.13558389123547768,
      "epoch_time": 48.08978509902954,
      "epoch_train_time": 47.73930078125,
      "epoch_train_throughput": 235.13121927434491,
      "val_loss": 0.4463647836819291,
      "val_top1": 83.14220158113253,
      "val_top5": 100.0,
      "straggle": {}
    },
    "7": {
      "lr": 0.00040664214475155604,
      "train_loss": 0.24172592384778047,
      "train_loss_global": 0.24467506014490978,
      "train_top1": 93.55011135857461,
      "train_top5": 100.0,
      "steps": 351,
      "step_time_min": 0.11914579197764397,
      "step_time_max": 0.22846505790948868,
      "step_time": 0.13534335550676999,
      "data_time": 0.00046524063463818994,
      "comp_time": 0.1348781148721318,
      "epoch_time": 47.864466190338135,
      "epoch_train_time": 47.5067265625,
      "epoch_train_throughput": 236.28232909780374,
      "val_loss": 0.44200404178043573,
      "val_top1": 83.14220165987628,
      "val_top5": 100.0,
      "straggle": {}
    },
    "8": {
      "lr": 0.00030180027738602855,
      "train_loss": 0.23518956616620443,
      "train_loss_global": 0.2334762917030893,
      "train_top1": 93.74610244988864,
      "train_top5": 100.0,
      "steps": 351,
      "step_time_min": 0.12011061189696193,
      "step_time_max": 0.20267064915969968,
      "step_time": 0.13509690715265368,
      "data_time": 0.00040687551321276066,
      "comp_time": 0.13469003163944093,
      "epoch_time": 47.777851819992065,
      "epoch_train_time": 47.42024609375,
      "epoch_train_throughput": 236.71323800825778,
      "val_loss": 0.43861734210898023,
      "val_top1": 82.22477047596503,
      "val_top5": 100.0,
      "straggle": {}
    },
    "9": {
      "lr": 0.0002199105123489372,
      "train_loss": 0.22843260343727928,
      "train_loss_global": 0.22363751092595177,
      "train_top1": 94.23608017817372,
      "train_top5": 100.0,
      "steps": 351,
      "step_time_min": 0.11895814212039113,
      "step_time_max": 0.20193858607672155,
      "step_time": 0.13515569295328206,
      "data_time": 0.00043718781298360764,
      "comp_time": 0.13471850514029846,
      "epoch_time": 47.79394888877869,
      "epoch_train_time": 47.4408671875,
      "epoch_train_throughput": 236.61034600475494,
      "val_loss": 0.43902334362405154,
      "val_top1": 83.83027494063072,
      "val_top5": 100.0,
      "straggle": {}
    },
    "10": {
      "lr": 0.00016785258673810677,
      "train_loss": 0.21578759009561985,
      "train_loss_global": 0.21828892635254835,
      "train_top1": 94.93095768374165,