{
  "time": "2025-09-07 19:29:40",
  "config": {
    "rank": 0,
    "world_size": 6,
    "iface": "ens4f0",
    "master_addr": "42.0.0.1",
    "master_port": 29500,
    "backend": "gloo",
    "device": "cuda",
    "deterministic": true,
    "workers": 8,
    "model_name": "bert-base-uncased",
    "data": "/home/gks/datasets/squad_v1",
    "force_download": false,
    "squad_version": "v1",
    "epochs": 5,
    "batch_size": 32,
    "learning_rate": 3e-05,
    "weight_decay": 0.0,
    "warmup_ratio": 0.1,
    "amp": false,
    "drop_last_train": false,
    "drop_last_val": false,
    "static_graph": false,
    "prefetch_factor": 4,
    "max_grad_norm": 1.0,
    "log_interval": 0,
    "max_seq_len": 384,
    "doc_stride": 128,
    "max_answer_length": 30,
    "n_best_size": 20,
    "null_score_diff_threshold": 0.0,
    "straggle_points": 3,
    "straggle_prob": 2.0,
    "straggle_ranks": [
      1
    ],
    "straggle_amount": 1.35,
    "straggle_multiply": [
      0.5,
      2.0
    ],
    "straggle_verbose": true,
    "json": "/home/gks/straggle-ml-experiments/models/bert_finetune_straggle.json",
    "local_rank": 0,
    "seed": 42
  },
  "epochs": {
    "0": {
      "lr": 2.6666666666666667e-05,
      "train_loss": 2.4296754282697584,
      "train_loss_global": 2.4502388661480117,
      "steps": 462,
      "step_time_min": 0.7539903819561005,
      "step_time_max": 3.8726232671178877,
      "step_time": 1.4036794877505268,
      "data_time": 0.0006604908095688854,
      "comp_time": 1.4030189969409579,
      "epoch_time": 676.9137303829193,
      "epoch_train_time": 648.503625,
      "epoch_train_throughput": 22.750836589386836,
      "val_loss": 1.1782441409287472,
      "val_em": 72.39525398591027,
      "val_f1": 81.30436214248886,
      "straggle": {
        "num_straggle_steps": 0,
        "num_straggle_events": 0,
        "total_straggle_time": 0,
        "avg_straggle_time": 0.0
      }
    },
    "1": {
      "lr": 1.9999999999999998e-05,
      "train_loss": 1.0769314807945107,
      "train_loss_global": 1.0753576392148385,
      "steps": 462,
      "step_time_min": 1.3245943018700927,
      "step_time_max": 3.657176232896745,
      "step_time": 1.3818910287015818,
      "data_time": 0.00041277136238396684,
      "comp_time": 1.3814782573391977,
      "epoch_time": 664.5922555923462,
      "epoch_train_time": 638.4371875,
      "epoch_train_throughput": 23.109556098656924,
      "val_loss": 1.0530153245650975,
      "val_em": 77.1412680756396,
      "val_f1": 84.6152844009606,
      "straggle": {
        "num_straggle_steps": 0,
        "num_straggle_events": 0,
        "total_straggle_time": 0,
        "avg_straggle_time": 0.0
      }
    },
    "2": {
      "lr": 1.3333333333333333e-05,
      "train_loss": 0.8716209763770861,
      "train_loss_global": 0.8643846727948393,
      "steps": 462,
      "step_time_min": 0.6851859698072076,
      "step_time_max": 3.8293908680789173,
      "step_time": 1.4170460787730783,
      "data_time": 0.00038021186203393456,
      "comp_time": 1.4166658669110443,
      "epoch_time": 677.9077730178833,
      "epoch_train_time": 654.67875,
      "epoch_train_throughput": 22.536243921159805,
      "val_loss": 1.0302419624131478,
      "val_em": 78.2350760103819,
      "val_f1": 85.70313065291934,
      "straggle": {
        "num_straggle_steps": 0,
        "num_straggle_events": 0,
        "total_straggle_time": 0,
        "avg_straggle_time": 0.0
      }
    },
    "3": {
      "lr": 6.666666666666667e-06,
      "train_loss": 0.7331212774692746,
      "train_loss_global": 0.7426534847874706,
      "steps": 462,
      "step_time_min": 0.7296681851148605,
      "step_time_max": 3.9219573829323053,
      "step_time": 1.4032298863519717,
      "data_time": 0.00039337675069011263,
      "comp_time": 1.4028365096012816,
      "epoch_time": 674.3887119293213,
      "epoch_train_time": 648.29575,
      "epoch_train_throughput": 22.758131608914603,
      "val_loss": 1.0570913294442812,
      "val_em": 78.17945865776788,
      "val_f1": 85.75717949588326,
      "straggle": {
        "num_straggle_steps": 0,
        "num_straggle_events": 0,
        "total_straggle_time": 0,
        "avg_straggle_time": 0.0
      }
    },
    "4": {
      "lr": 0.0,
      "train_loss": 0.679739005490986,
      "train_loss_global": 0.672860721609724,
      "steps": 462,
      "step_time_min": 0.6869018299039453,
      "step_time_max": 3.8992271271999925,
      "step_time": 1.4277824925614553,
      "data_time": 0.0003797254798272665,
      "comp_time": 1.427402767081628,
      "epoch_time": 684.6924276351929,
      "epoch_train_time": 659.639125,
      "epoch_train_throughput": 22.366775166648885,
      "val_loss": 1.0662970491634902,
      "val_em": 78.29996292176492,
      "val_f1": 85.797900179505,
      "straggle": {
        "num_straggle_steps": 0,
        "num_straggle_events": 0,
        "total_straggle_time": 0,
        "avg_straggle_time": 0.0
      }
    }
  }
}