{
  "time": "2025-09-05 13:50:49",
  "config": {
    "rank": 0,
    "world_size": 6,
    "iface": "ens4f0",
    "master_addr": "42.0.0.1",
    "master_port": 29500,
    "backend": "gloo",
    "device": "cuda",
    "deterministic": true,
    "workers": 8,
    "model": "densenet121",
    "data": "/home/gks/datasets/imagenet",
    "epochs": 100,
    "batch_size": 128,
    "learning_rate": 0.1,
    "momentum": 0.9,
    "weight_decay": 0.0001,
    "num_classes": 1000,
    "amp": false,
    "drop_last_train": false,
    "drop_last_val": true,
    "static_graph": false,
    "prefetch_factor": 4,
    "straggle_points": 3,
    "straggle_prob": 2.0,
    "straggle_ranks": [
      1
    ],
    "straggle_amount": 0.6,
    "straggle_multiply": [
      0.5,
      2.0
    ],
    "straggle_verbose": true,
    "json": "/home/gks/straggle-ml-experiments/models/densenet.json",
    "local_rank": 0,
    "seed": 42
  },
  "epochs": {
    "0": {
      "train_loss": 4.985752975805377,
      "train_loss_global": 4.9859558473126375,
      "train_top1": 10.852909220336443,
      "train_top5": 25.630362294263435,
      "train_step_time": 0.6416055465687943,
      "train_data_time": 0.0005419189091565377,
      "train_comp_time": 0.6410636276596378,
      "train_duration": 1070.8445,
      "train_throughput": 199.40150040458724,
      "val_loss": 4.275745748195648,
      "val_top1": 17.22999999994278,
      "val_top5": 38.53399999959946,
      "lr": 0.1,
      "epoch_time": 1091.538962841034,
      "epoch_throughput": 195.62089911803764,
      "steps": 1669,
      "straggle": {}
    },
    "1": {
      "train_loss": 3.5707826681999255,
      "train_loss_global": 3.563030148738137,
      "train_top1": 27.054063167359786,
      "train_top5": 51.03733468195966,
      "train_step_time": 0.6413148877718288,
      "train_data_time": 0.0005402603194200132,
      "train_comp_time": 0.6407746274524088,
      "train_duration": 1070.358625,
      "train_throughput": 199.49201605209655,
      "val_loss": 3.2052472639656067,
      "val_top1": 31.241999999713897,
      "val_top5": 57.25999999902725,
      "lr": 0.1,
      "epoch_time": 1088.560988664627,
      "epoch_throughput": 196.15605883072737,
      "steps": 1669,
      "straggle": {}
    },
    "2": {
      "train_loss": 3.0285614786587196,
      "train_loss_global": 3.027258901461307,
      "train_top1": 35.76626952891181,
      "train_top5": 60.81357011669631,
      "train_step_time": 0.6425764060227274,
      "train_data_time": 0.00048093339710101853,
      "train_comp_time": 0.6420954726256264,
      "train_duration": 1072.463625,
      "train_throughput": 199.1004590015815,
      "val_loss": 2.875901354761124,
      "val_top1": 37.03799999925614,
      "val_top5": 63.71799999774933,
      "lr": 0.1,
      "epoch_time": 1090.1659002304077,
      "epoch_throughput": 195.86728339989722,
      "steps": 1669,
      "straggle": {}
    },
    "3": {
      "train_loss": 2.733386136598413,
      "train_loss_global": 2.7366978165515987,
      "train_top1": 40.85131692323602,
      "train_top5": 65.96886590957142,
      "train_step_time": 0.6487312338977869,
      "train_data_time": 0.0005697857713663851,
      "train_comp_time": 0.6481614481264205,
      "train_duration": 1082.7375,
      "train_throughput": 197.21123541024488,
      "val_loss": 2.4582165038871766,
      "val_top1": 44.27799999908447,
      "val_top5": 70.78799999710083,
      "lr": 0.1,
      "epoch_time": 1101.16339635849,
      "epoch_throughput": 193.9111253057109,
      "steps": 1669,
      "straggle": {}
    },
    "4": {
      "train_loss": 2.5459663924493454,
      "train_loss_global": 2.5470605185766355,
      "train_top1": 44.18015435886144,
      "train_top5": 69.07009853480089,
      "train_step_time": 0.6532118582799238,
      "train_data_time": 0.00043887073580630977,
      "train_comp_time": 0.6527729875441175,
      "train_duration": 1090.215875,
      "train_throughput": 195.85845784900167,
      "val_loss": 2.4462899915504455,
      "val_top1": 44.8019999996376,
      "val_top5": 71.1639999999237,
      "lr": 0.1,
      "epoch_time": 1107.4520568847656,
      "epoch_throughput": 192.81000202752045,
      "steps": 1669,
      "straggle": {}
    },
    "5": {
      "train_loss": 2.4163969133512206,
      "train_loss_global": 2.411397400259705,
      "train_top1": 46.719399797684616,
      "train_top5": 71.22063616892365,
      "train_step_time": 0.6443027413698218,
      "train_data_time": 0.000548704581654928,
      "train_comp_time": 0.6437540367881669,
      "train_duration": 1075.344,
      "train_throughput": 198.56715618443957,
      "val_loss": 2.412542518696785,
      "val_top1": 45.409999999809266,
      "val_top5": 71.33599999961854,
      "lr": 0.1,
      "epoch_time": 1094.6899244785309,
      "epoch_throughput": 195.05782282142587,
      "steps": 1669,
      "straggle": {}
    },
    "6": {
      "train_loss": 2.3213801470349886,
      "train_loss_global": 2.312230485281784,
      "train_top1": 48.40582968013078,
      "train_top5": 72.7089655684896,
      "train_step_time": 0.6445551208779691,
      "train_data_time": 0.0005353750407677914,
      "train_comp_time": 0.6440197458372012,
      "train_duration": 1075.765625,
      "train_throughput": 198.489331725951,
      "val_loss": 2.407398615794182,
      "val_top1": 45.211999999675754,
      "val_top5": 71.6479999981308,
      "lr": 0.1,
      "epoch_time": 1095.332692861557,
      "epoch_throughput": 194.94335805452116,
      "steps": 1669,
      "straggle": {}
    },
    "7": {
      "train_loss": 2.2430889786734602,
      "train_loss_global": 2.2355427756430455,
      "train_top1": 49.93630811869863,
      "train_top5": 74.06335468856058,
      "train_step_time": 0.646546426190676,
      "train_data_time": 0.0005036472277899946,
      "train_comp_time": 0.6460427789628861,
      "train_duration": 1079.093375,
      "train_throughput": 197.87722262681856,
      "val_loss": 2.133212328286171,
      "val_top1": 50.553999999046326,
      "val_top5": 76.18999999717713,
      "lr": 0.1,
      "epoch_time": 1098.9339911937714,
      "epoch_throughput": 194.30451241332355,
      "steps": 1669,
      "straggle": {}
    },
    "8": {
      "train_loss": 2.1820425266163896,
      "train_loss_global": 2.178450635816189,
      "train_top1": 50.96006144378949,
      "train_top5": 74.9526994115009,
      "train_step_time": 0.6435844457205111,
      "train_data_time": 0.0005145618860002154,
      "train_comp_time": 0.6430698838345109,
      "train_duration": 1074.14825,
      "train_throughput": 198.78820265265992,
      "val_loss": 1.9747567519640923,
      "val_top1": 53.74799999824524,
      "val_top5": 78.74599999511719,
      "lr": 0.1,
      "epoch_time": 1093.444623708725,
      "epoch_throughput": 195.27997001722287,
      "steps": 1669,
      "straggle": {}
    },
    "9": {
      "train_loss": 2.1337392037539478,
      "train_loss_global": 2.1318370063252527,
      "train_top1": 51.93042598614459,
      "train_top5": 75.75259450694021,
      "train_step_time": 0.6453818607574007,
      "train_data_time": 0.0005272408675178082,
      "train_comp_time": 0.6448546198898829,
      "train_duration": 1077.146125,
      "train_throughput": 198.23494235751903,
      "val_loss": 2.1970940032052995,
      "val_top1": 49.417999997940065,
      "val_top5": 75.30399999687195,
      "lr": 0.1,
      "epoch_time": 1096.0755438804626,
      "epoch_throughput": 194.81123771576512,
      "steps": 1669,
      "straggle": {}
    },
    "10": {
      "train_loss": 2.094101403813682,
      "train_loss_global": 2.0910826792283514,
      "train_top1": 52.852553295118206,
      "train_top5": 76.32816305064408,
      "train_step_time": 0.6403191560894556,
      "train_data_time": 0.0005564518259484443,
      "train_comp_time": 0.6397627042635071,
      "train_duration": 1068.697125,
      "train_throughput": 199.8021656510024,
      "val_loss": 1.9426933936595916,
      "val_top1": 54.02799999893188,