{
  "time": "2025-09-03 00:49:43",
  "data_root": "/home/gks/datasets/openwebtext",
  "cache_dir": "/home/gks/datasets/openwebtext/cache",
  "config": {
    "rank": 0,
    "world_size": 6,
    "iface": "ens4f0",
    "master_addr": "42.0.0.1",
    "master_port": 29500,
    "backend": "gloo",
    "device": "cuda",
    "deterministic": false,
    "static_graph": false,
    "workers": 8,
    "json": "/home/gks/straggle-ml-experiments/models/gpt2.json",
    "seed": 1337,
    "data": "/home/gks/datasets/openwebtext",
    "cache_dir": "/home/gks/datasets/openwebtext/cache",
    "val_fraction": 0.0005,
    "tokenizer": "gpt2",
    "epochs": 25,
    "steps_per_epoch": 500,
    "batch_size": 12,
    "gradient_accumulation_steps": 5,
    "learning_rate": 0.0006,
    "min_lr": 6e-05,
    "warmup_iters": 200,
    "lr_decay_iters": 5000,
    "weight_decay": 0.1,
    "grad_clip": 1.0,
    "amp": true,
    "prefetch_factor": 4,
    "seq_len": 1024,
    "dropout": 0.1,
    "local_rank": 0
  },
  "vocab_size": 50257,
  "epochs": {
    "0": {
      "train_loss": 6.423129508018493,
      "train_loss_global": 6.447560880184174,
      "train_step_time": 2.0160054962616414,
      "train_data_time": 0.00041720958589576185,
      "train_comp_time": 2.0155882866757455,
      "train_duration": 1008.0036708549596,
      "train_throughput": 6095.2158981612,
      "val_loss": 5.789853572845459,
      "val_ppl": 326.9651442948714,
      "lr": 0.0005948464442935181,
      "epoch_time": 1008.0036708549596,
      "epoch_throughput": 6095.2158981612,
      "steps": 500
    },
    "1": {
      "train_loss": 5.3975555086135865,
      "train_loss_global": 5.418821539243062,
      "train_step_time": 2.0146386715578846,
      "train_data_time": 0.00025765571207739415,
      "train_comp_time": 2.014381015845807,
      "train_duration": 1007.320145545993,
      "train_throughput": 6099.351856672932,
      "val_loss": 5.149932465553284,
      "val_ppl": 172.41984564477193,
      "lr": 0.0005639151662268733,
      "epoch_time": 1007.320145545993,
      "epoch_throughput": 6099.351856672932,
      "steps": 500
    },
    "2": {
      "train_loss": 4.885163391590118,
      "train_loss_global": 4.8999383144378665,
      "train_step_time": 2.0164219974849837,
      "train_data_time": 0.0002630368478130549,
      "train_comp_time": 2.0161589606371706,
      "train_duration": 1008.2117882110178,
      "train_throughput": 6093.957709919244,
      "val_loss": 4.708538269996643,
      "val_ppl": 110.88995021389623,
      "lr": 0.0005081561929986466,
      "epoch_time": 1008.2117882110178,
      "epoch_throughput": 6093.957709919244,
      "steps": 500
    },
    "3": {
      "train_loss": 4.480230434894562,
      "train_loss_global": 4.4831626018285755,
      "train_step_time": 2.0180717962707857,
      "train_data_time": 0.000261324726510793,
      "train_comp_time": 2.017810471544275,
      "train_duration": 1009.0366901770467,
      "train_throughput": 6088.975812090606,
      "val_loss": 4.422496881484985,
      "val_ppl": 83.30402617890176,
      "lr": 0.0004334877675862535,
      "epoch_time": 1009.0366901770467,
      "epoch_throughput": 6088.975812090606,
      "steps": 500
    },
    "4": {
      "train_loss": 4.225513386726379,
      "train_loss_global": 4.223155217568079,
      "train_step_time": 2.0197060181044506,
      "train_data_time": 0.00026156817097216844,
      "train_comp_time": 2.0194444499334785,
      "train_duration": 1009.8538096059347,
      "train_throughput": 6084.048940110958,
      "val_loss": 4.267900235652924,
      "val_ppl": 71.37161459821738,
      "lr": 0.00034783517732457436,
      "epoch_time": 1009.8538096059347,
      "epoch_throughput": 6084.048940110958,
      "steps": 500
    },
    "5": {
      "train_loss": 4.048526144981384,
      "train_loss_global": 4.039595335225264,
      "train_step_time": 2.01983060294413,
      "train_data_time": 0.0002649424804840237,
      "train_comp_time": 2.019565660463646,
      "train_duration": 1009.916089729988,
      "train_throughput": 6083.673745254088,
      "val_loss": 4.171314771175385,
      "val_ppl": 64.80059407727488,
      "lr": 0.0002602895659608012,
      "epoch_time": 1009.916089729988,
      "epoch_throughput": 6083.673745254088,
      "steps": 500
    },
    "6": {
      "train_loss": 3.9109394488334654,
      "train_loss_global": 3.9014588360389073,
      "train_step_time": 2.0223161665261724,
      "train_data_time": 0.0002270555298309773,
      "train_comp_time": 2.0220891109963413,
      "train_duration": 1011.1589123180602,
      "train_throughput": 6076.1962587216,
      "val_loss": 4.106920653184255,
      "val_ppl": 60.75933015244043,
      "lr": 0.00018014300201162853,
      "epoch_time": 1011.1589123180602,
      "epoch_throughput": 6076.1962587216,
      "steps": 500
    },
    "7": {
      "train_loss": 3.8049914050102234,
      "train_loss_global": 3.7937530065178873,
      "train_step_time": 2.023115120896371,
      "train_data_time": 0.0002615508958697319,
      "train_comp_time": 2.022853570000501,
      "train_duration": 1011.5583552599419,
      "train_throughput": 6073.796897679883,
      "val_loss": 4.062733805179596,
      "val_ppl": 58.13301838946008,
      "lr": 0.00011590222101744602,
      "epoch_time": 1011.5583552599419,
      "epoch_throughput": 6073.796897679883,
      "steps": 500
    },
    "8": {
      "train_loss": 3.727359576702118,
      "train_loss_global": 3.715097187072039,
      "train_step_time": 2.026653498785105,
      "train_data_time": 0.0002620570780709386,
      "train_comp_time": 2.026391441707034,
      "train_duration": 1013.3275397180114,
      "train_throughput": 6063.192560334195,
      "val_loss": 4.0394806941350305,
      "val_ppl": 56.79684021346292,
      "lr": 7.43857228352428e-05,
      "epoch_time": 1013.3275397180114,
      "epoch_throughput": 6063.192560334195,
      "steps": 500
    },
    "9": {
      "train_loss": 3.675655117511749,
      "train_loss_global": 3.662282260557016,
      "train_step_time": 2.026910434932681,
      "train_data_time": 0.00026484463782981037,
      "train_comp_time": 2.026645590294851,
      "train_duration": 1013.456011401955,
      "train_throughput": 6062.423954149479,
      "val_loss": 4.026503242651621,
      "val_ppl": 56.06452405158978,
      "lr": 6.000005782971123e-05,
      "epoch_time": 1013.456011401955,
      "epoch_throughput": 6062.423954149479,
      "steps": 500
    },
    "10": {
      "train_loss": 3.645001136302948,
      "train_loss_global": 3.6315973325769106,
      "train_step_time": 2.0300839198809117,
      "train_data_time": 0.00024244809453375637,
      "train_comp_time": 2.029841471786378,
      "train_duration": 1015.0427564369747,
      "train_throughput": 6052.946992663445,
      "val_loss": 4.019737946987152,
      "val_ppl": 55.68651109657477,
      "lr": 6e-05,
      "epoch_time": 1015.0427564369747,
      "epoch_throughput": 6052.946992663445,
      "steps": 500
    },
    "11": {
      "train_loss": 3.620882038593292,
      "train_loss_global": 3.607031192024549,
      "train_step_time": 2.0312304221782833,
      "train_data_time": 0.00026024737115949394,
      "train_comp_time": 2.030970174807124,
      "train_duration": 1015.615998488036,
      "train_throughput": 6049.530540230434,
      "val_loss": 4.01401212533315,
      "val_ppl": 55.3685711678054,
      "lr": 6e-05,
      "epoch_time": 1015.615998488036,
      "epoch_throughput": 6049.530540230434,
      "steps": 500
    },
    "12": {
      "train_loss": 3.597655098438263,
      "train_loss_global": 3.5835645664135614,
      "train_step_time": 2.0311929333324077,
      "train_data_time": 0.00023291990626603365,
      "train_comp_time": 2.030960013426142,
      "train_duration": 1015.5972746239277,
      "train_throughput": 6049.642071238428,
      "val_loss": 4.009168464342753,
      "val_ppl": 55.101033034615774,
      "lr": 6e-05,
      "epoch_time": 1015.5972746239277,
      "epoch_throughput": 6049.642071238428,